"matchID","gameNumber","roundtype","timePlayed"
"2375","1","Attack","00:13:54"
"2375","1","Defense","00:13:54"
"2375","2","Attack","00:17:28"
"2375","2","Defense","00:17:28"
"2375","3","Lighthouse","00:05:00"
"2375","3","Ruins","00:02:53"
"2375","3","Well","00:04:15"
"2375","4","Attack","00:10:56"
"2375","4","Defense","00:10:56"
"2376","1","Attack","00:12:52"
"2376","1","Defense","00:12:52"
"2376","2","Sanctum","00:04:25"
"2376","2","Shrine","00:03:48"
"2376","3","Attack","00:14:25"
"2376","3","Defense","00:14:25"
"2376","4","Attack","00:12:29"
"2376","4","Defense","00:12:29"
"2377","1","Attack","00:11:07"
"2377","1","Defense","00:11:07"
"2377","2","Attack","00:10:08"
"2377","2","Defense","00:10:08"
"2377","3","Lighthouse","00:04:18"
"2377","3","Ruins","00:05:35"
"2377","4","Attack","00:16:09"
"2377","4","Defense","00:16:09"
"2378","1","Attack","00:12:59"
"2378","1","Defense","00:12:59"
"2378","2","Attack","00:14:30"
"2378","2","Defense","00:14:30"
"2378","3","Garden","00:03:42"
"2378","3","Night Market","00:05:14"
"2378","4","Attack","00:09:14"
"2378","4","Defense","00:09:14"
"2379","1","Attack","00:05:14"
"2379","1","Defense","00:05:14"
"2379","2","Attack","00:10:43"
"2379","2","Defense","00:10:43"
"2379","3","Ruins","00:04:04"
"2379","3","Well","00:06:07"
"2379","4","Attack","00:06:57"
"2379","4","Defense","00:06:57"
"2380","1","Attack","00:15:13"
"2380","1","Defense","00:15:13"
"2380","2","Attack","00:19:21"
"2380","2","Defense","00:19:21"
"2380","3","Lighthouse","00:03:57"
"2380","3","Well","00:03:38"
"2380","4","Attack","00:18:45"
"2380","4","Defense","00:18:45"
"2381","1","Attack","00:10:16"
"2381","1","Defense","00:10:16"
"2381","2","Attack","00:11:34"
"2381","2","Defense","00:11:34"
"2381","3","Gardens","00:06:39"
"2381","3","University","00:05:43"
"2381","4","Attack","00:09:28"
"2381","4","Defense","00:09:28"
"2382","1","Attack","00:16:35"
"2382","1","Defense","00:16:35"
"2382","2","Attack","00:10:57"
"2382","2","Defense","00:10:57"
"2382","3","City Center","00:02:48"
"2382","3","Gardens","00:02:53"
"2382","4","Attack","00:15:58"
"2382","4","Defense","00:15:58"
"2382","5","Control Center","00:03:05"
"2382","5","Night Market","00:05:16"
"2383","1","Attack","00:12:44"
"2383","1","Defense","00:12:44"
"2383","2","Attack","00:15:19"
"2383","2","Defense","00:15:19"
"2383","3","Lighthouse","00:02:46"
"2383","3","Well","00:03:40"
"2383","4","Attack","00:10:32"
"2383","4","Defense","00:10:32"
"2384","1","Attack","00:06:14"
"2384","1","Defense","00:06:14"
"2384","2","Sanctum","00:04:35"
"2384","2","Village","00:04:24"
"2384","3","Attack","00:16:46"
"2384","3","Defense","00:16:46"
"2384","4","Attack","00:16:15"
"2384","4","Defense","00:16:15"
"2385","1","Attack","00:18:02"
"2385","1","Defense","00:18:02"
"2385","2","Sanctum","00:05:14"
"2385","2","Shrine","00:03:44"
"2385","2","Village","00:04:10"
"2385","3","Attack","00:11:10"
"2385","3","Defense","00:11:10"
"2385","4","Attack","00:14:46"
"2385","4","Defense","00:14:46"
"2386","1","Attack","00:16:46"
"2386","1","Defense","00:16:46"
"2386","2","Sanctum","00:03:41"
"2386","2","Shrine","00:03:28"
"2386","2","Village","00:04:41"
"2386","3","Attack","00:13:18"
"2386","3","Defense","00:13:18"
"2386","4","Attack","00:11:29"
"2386","4","Defense","00:11:29"
"2386","5","Lighthouse","00:05:43"
"2386","5","Well","00:05:24"
"2387","1","Attack","00:20:46"
"2387","1","Defense","00:20:46"
"2387","2","Control Center","00:03:56"
"2387","2","Garden","00:05:30"
"2387","2","Night Market","00:05:19"
"2387","3","Attack","00:17:36"
"2387","3","Defense","00:17:36"
"2387","4","Attack","00:12:18"
"2387","4","Defense","00:12:18"
"2388","1","Attack","00:09:59"
"2388","1","Defense","00:09:59"
"2388","2","Control Center","00:04:49"
"2388","2","Garden","00:04:30"
"2388","2","Night Market","00:04:07"
"2388","3","Attack","00:15:45"
"2388","3","Defense","00:15:45"
"2388","4","Attack","00:18:12"
"2388","4","Defense","00:18:12"
"2389","1","Attack","00:07:15"
"2389","1","Defense","00:07:15"
"2389","2","Attack","00:13:49"
"2389","2","Defense","00:13:49"
"2389","3","Sanctum","00:03:30"
"2389","3","Village","00:03:43"
"2389","4","Attack","00:13:53"
"2389","4","Defense","00:13:53"
"2390","1","Attack","00:16:27"
"2390","1","Defense","00:16:27"
"2390","2","Attack","00:19:30"
"2390","2","Defense","00:19:30"
"2390","3","Lighthouse","00:03:30"
"2390","3","Well","00:04:50"
"2390","4","Attack","00:15:40"
"2390","4","Defense","00:15:40"
"2391","1","Attack","00:12:44"
"2391","1","Defense","00:12:44"
"2391","2","Attack","00:12:59"
"2391","2","Defense","00:12:59"
"2391","3","Lighthouse","00:03:26"
"2391","3","Well","00:04:09"
"2391","4","Attack","00:17:32"
"2391","4","Defense","00:17:32"
"2392","1","Attack","00:16:07"
"2392","1","Defense","00:16:07"
"2392","2","Attack","00:20:49"
"2392","2","Defense","00:20:49"
"2392","3","Ruins","00:03:48"
"2392","3","Well","00:04:10"
"2392","4","Attack","00:15:15"
"2392","4","Defense","00:15:15"
"2392","5","City Center","00:04:30"
"2392","5","Gardens","00:04:50"
"2393","1","Attack","00:14:50"
"2393","1","Defense","00:14:50"
"2393","2","Attack","00:13:34"
"2393","2","Defense","00:13:34"
"2393","3","Sanctum","00:04:13"
"2393","3","Shrine","00:04:32"
"2393","4","Attack","00:11:08"
"2393","4","Defense","00:11:08"
"2393","5","Gardens","00:03:55"
"2393","5","University","00:03:50"
"2394","1","Attack","00:10:57"
"2394","1","Defense","00:10:57"
"2394","2","Attack","00:06:03"
"2394","2","Defense","00:06:03"
"2394","3","Control Center","00:05:10"
"2394","3","Night Market","00:02:36"
"2394","4","Attack","00:18:30"
"2394","4","Defense","00:18:30"
"2394","5","Shrine","00:04:34"
"2394","5","Village","00:04:06"
"2395","1","Attack","00:13:27"
"2395","1","Defense","00:13:27"
"2395","2","Attack","00:14:03"
"2395","2","Defense","00:14:03"
"2395","3","City Center","00:05:44"
"2395","3","Gardens","00:03:11"
"2395","4","Attack","00:14:49"
"2395","4","Defense","00:14:49"
"2396","1","Attack","00:14:27"
"2396","1","Defense","00:14:27"
"2396","2","Attack","00:06:18"
"2396","2","Defense","00:06:18"
"2396","3","Control Center","00:04:53"
"2396","3","Garden","00:03:29"
"2396","3","Night Market","00:02:52"
"2396","4","Attack","00:11:24"
"2396","4","Defense","00:11:24"
"2397","1","Attack","00:14:11"
"2397","1","Defense","00:14:11"
"2397","2","Attack","00:19:00"
"2397","2","Defense","00:19:00"
"2397","3","City Center","00:03:21"
"2397","3","Gardens","00:05:33"
"2397","3","University","00:03:45"
"2397","4","Attack","00:11:10"
"2397","4","Defense","00:11:10"
"2398","1","Attack","00:09:46"
"2398","1","Defense","00:09:46"
"2398","2","Attack","00:14:48"
"2398","2","Defense","00:14:48"
"2398","3","Garden","00:04:40"
"2398","3","Night Market","00:03:39"
"2398","4","Attack","00:20:40"
"2398","4","Defense","00:20:40"
"2399","1","Attack","00:27:07"
"2399","1","Defense","00:27:07"
"2399","2","Attack","00:20:49"
"2399","2","Defense","00:20:49"
"2399","3","Lighthouse","00:02:57"
"2399","3","Ruins","00:05:08"
"2399","4","Attack","00:09:09"
"2399","4","Defense","00:09:09"
"2400","1","Attack","00:13:40"
"2400","1","Defense","00:13:40"
"2400","2","Attack","00:15:08"
"2400","2","Defense","00:15:08"
"2400","3","City Center","00:02:51"
"2400","3","University","00:03:41"
"2400","4","Attack","00:11:06"
"2400","4","Defense","00:11:06"
"2401","1","Attack","00:16:11"
"2401","1","Defense","00:16:11"
"2401","2","Attack","00:05:52"
"2401","2","Defense","00:05:52"
"2401","3","Lighthouse","00:04:27"
"2401","3","Ruins","00:03:00"
"2401","4","Attack","00:15:45"
"2401","4","Defense","00:15:45"
"2402","1","Attack","00:16:58"
"2402","1","Defense","00:16:58"
"2402","2","Attack","00:13:12"
"2402","2","Defense","00:13:12"
"2402","3","Ruins","00:02:38"
"2402","3","Well","00:04:36"
"2402","4","Attack","00:10:21"
"2402","4","Defense","00:10:21"
"2403","1","Attack","00:14:20"
"2403","1","Defense","00:14:20"
"2403","2","Attack","00:14:26"
"2403","2","Defense","00:14:26"
"2403","3","Ruins","00:03:37"
"2403","3","Well","00:04:38"
"2403","4","Attack","00:10:59"
"2403","4","Defense","00:10:59"
"2404","1","Attack","00:18:50"
"2404","1","Defense","00:18:50"
"2404","2","Attack","00:14:52"
"2404","2","Defense","00:14:52"
"2404","3","Lighthouse","00:05:04"
"2404","3","Ruins","00:04:05"
"2404","4","Attack","00:10:37"
"2404","4","Defense","00:10:37"
"2405","1","Attack","00:11:33"
"2405","1","Defense","00:11:33"
"2405","2","Attack","00:13:26"
"2405","2","Defense","00:13:26"
"2405","3","City Center","00:05:23"
"2405","3","Gardens","00:02:56"
"2405","3","University","00:03:53"
"2405","4","Attack","00:17:10"
"2405","4","Defense","00:17:10"
"2406","1","Attack","00:13:39"
"2406","1","Defense","00:13:39"
"2406","2","Attack","00:13:33"
"2406","2","Defense","00:13:33"
"2406","3","Gardens","00:04:55"
"2406","3","University","00:04:43"
"2406","4","Attack","00:15:48"
"2406","4","Defense","00:15:48"
"2407","1","Attack","00:08:47"
"2407","1","Defense","00:08:47"
"2407","2","Attack","00:12:02"
"2407","2","Defense","00:12:02"
"2407","3","Gardens","00:04:20"
"2407","3","University","00:04:15"
"2407","4","Attack","00:10:29"
"2407","4","Defense","00:10:29"
"2408","1","Attack","00:05:25"
"2408","1","Defense","00:05:25"
"2408","2","Attack","00:10:15"
"2408","2","Defense","00:10:15"
"2408","3","City Center","00:03:35"
"2408","3","University","00:04:17"
"2408","4","Attack","00:12:07"
"2408","4","Defense","00:12:07"
"2409","1","Attack","00:15:18"
"2409","1","Defense","00:15:18"
"2409","2","Attack","00:12:18"
"2409","2","Defense","00:12:18"
"2409","3","City Center","00:04:59"
"2409","3","Gardens","00:05:36"
"2409","3","University","00:03:22"
"2409","4","Attack","00:16:18"
"2409","4","Defense","00:16:18"
"2410","1","Attack","00:16:15"
"2410","1","Defense","00:16:15"
"2410","2","Attack","00:16:04"
"2410","2","Defense","00:16:04"
"2410","3","Lighthouse","00:05:38"
"2410","3","Ruins","00:03:03"
"2410","3","Well","00:03:56"
"2410","4","Attack","00:12:55"
"2410","4","Defense","00:12:55"
"2410","5","Control Center","00:05:14"
"2410","5","Garden","00:05:01"
"2411","1","Attack","00:16:21"
"2411","1","Defense","00:16:21"
"2411","2","Attack","00:12:57"
"2411","2","Defense","00:12:57"
"2411","3","City Center","00:03:29"
"2411","3","University","00:03:54"
"2411","4","Attack","00:14:37"
"2411","4","Defense","00:14:37"
"2412","1","Attack","00:10:11"
"2412","1","Defense","00:10:11"
"2412","2","Attack","00:11:50"
"2412","2","Defense","00:11:50"
"2412","3","Lighthouse","00:03:27"
"2412","3","Ruins","00:04:54"
"2412","4","Attack","00:13:35"
"2412","4","Defense","00:13:35"
"2413","1","Attack","00:16:22"
"2413","1","Defense","00:16:22"
"2413","2","Attack","00:10:00"
"2413","2","Defense","00:10:00"
"2413","3","City Center","00:05:14"
"2413","3","Gardens","00:05:35"
"2413","4","Attack","00:16:13"
"2413","4","Defense","00:16:13"
"2414","1","Attack","00:11:08"
"2414","1","Defense","00:11:08"
"2414","2","Attack","00:19:27"
"2414","2","Defense","00:19:27"
"2414","3","Gardens","00:03:19"
"2414","3","University","00:05:08"
"2414","4","Attack","00:15:48"
"2414","4","Defense","00:15:48"
"2414","5","Control Center","00:03:07"
"2414","5","Garden","00:04:48"
"2415","1","Attack","00:05:37"
"2415","1","Defense","00:05:37"
"2415","2","Attack","00:13:55"
"2415","2","Defense","00:13:55"
"2415","3","City Center","00:05:38"
"2415","3","Gardens","00:05:07"
"2415","4","Attack","00:09:29"
"2415","4","Defense","00:09:29"
"2416","1","Attack","00:15:06"
"2416","1","Defense","00:15:06"
"2416","2","Attack","00:08:31"
"2416","2","Defense","00:08:31"
"2416","3","City Center","00:05:15"
"2416","3","University","00:05:21"
"2416","4","Attack","00:13:27"
"2416","4","Defense","00:13:27"
"2416","5","Control Center","00:05:33"
"2416","5","Garden","00:05:09"
"2416","5","Night Market","00:03:14"
"2417","1","Attack","00:07:06"
"2417","1","Defense","00:07:06"
"2417","2","Attack","00:06:45"
"2417","2","Defense","00:06:45"
"2417","3","City Center","00:04:52"
"2417","3","Gardens","00:02:56"
"2417","3","University","00:05:09"
"2417","4","Attack","00:12:07"
"2417","4","Defense","00:12:07"
"2418","1","Attack","00:18:07"
"2418","1","Defense","00:18:07"
"2418","2","Attack","00:11:50"
"2418","2","Defense","00:11:50"
"2418","3","City Center","00:03:04"
"2418","3","Gardens","00:04:14"
"2418","3","University","00:03:56"
"2418","4","Attack","00:15:48"
"2418","4","Defense","00:15:48"
"2419","1","Attack","00:15:23"
"2419","1","Defense","00:15:23"
"2419","2","Attack","00:11:41"
"2419","2","Defense","00:11:41"
"2419","3","Lighthouse","00:05:48"
"2419","3","Ruins","00:03:20"
"2419","3","Well","00:05:10"
"2419","4","Attack","00:19:20"
"2419","4","Defense","00:19:20"
"2419","5","Control Center","00:05:33"
"2419","5","Garden","00:05:34"
"2419","5","Night Market","00:03:57"
"2420","1","Attack","00:19:47"
"2420","1","Defense","00:19:47"
"2420","2","Attack","00:11:23"
"2420","2","Defense","00:11:23"
"2420","3","Lighthouse","00:03:33"
"2420","3","Ruins","00:04:44"
"2420","3","Well","00:05:17"
"2420","4","Attack","00:16:46"
"2420","4","Defense","00:16:46"
"2420","5","Garden","00:05:51"
"2420","5","Night Market","00:04:08"
"2421","1","Attack","00:12:56"
"2421","1","Defense","00:12:56"
"2421","2","Attack","00:12:50"
"2421","2","Defense","00:12:50"
"2421","3","Lighthouse","00:03:50"
"2421","3","Ruins","00:05:33"
"2421","3","Well","00:03:47"
"2421","4","Attack","00:13:22"
"2421","4","Defense","00:13:22"
"2421","5","Garden","00:05:39"
"2421","5","Night Market","00:04:43"
"2422","1","Attack","00:15:29"
"2422","1","Defense","00:15:29"
"2422","2","Attack","00:07:00"
"2422","2","Defense","00:07:00"
"2422","3","Ruins","00:05:02"
"2422","3","Well","00:05:18"
"2422","4","Attack","00:09:15"
"2422","4","Defense","00:09:15"
"2423","1","Attack","00:11:16"
"2423","1","Defense","00:11:16"
"2423","2","Attack","00:21:19"
"2423","2","Defense","00:21:19"
"2423","3","City Center","00:03:15"
"2423","3","Gardens","00:06:23"
"2423","3","University","00:03:25"
"2423","4","Attack","00:12:30"
"2423","4","Defense","00:12:30"
"2423","5","Garden","00:03:33"
"2423","5","Night Market","00:05:32"
"2424","1","Attack","00:05:51"
"2424","1","Defense","00:05:51"
"2424","2","Attack","00:13:30"
"2424","2","Defense","00:13:30"
"2424","3","City Center","00:04:53"
"2424","3","Gardens","00:04:32"
"2424","3","University","00:04:46"
"2424","4","Attack","00:19:30"
"2424","4","Defense","00:19:30"
"2424","5","Garden","00:03:47"
"2424","5","Night Market","00:05:05"
"2425","1","Attack","00:16:51"
"2425","1","Defense","00:16:51"
"2425","2","Attack","00:17:27"
"2425","2","Defense","00:17:27"
"2425","3","Lighthouse","00:05:43"
"2425","3","Well","00:05:32"
"2425","4","Attack","00:14:16"
"2425","4","Defense","00:14:16"
"2426","1","Attack","00:20:35"
"2426","1","Defense","00:20:35"
"2426","2","Attack","00:11:43"
"2426","2","Defense","00:11:43"
"2426","3","Lighthouse","00:02:53"
"2426","3","Ruins","00:04:09"
"2426","3","Well","00:06:10"
"2426","4","Attack","00:12:17"
"2426","4","Defense","00:12:17"
"2426","5","Garden","00:05:16"
"2426","5","Night Market","00:04:18"
"2427","1","Attack","00:13:08"
"2427","1","Defense","00:13:08"
"2427","2","Attack","00:10:10"
"2427","2","Defense","00:10:10"
"2427","3","Ruins","00:03:53"
"2427","3","Well","00:04:33"
"2427","4","Attack","00:16:12"
"2427","4","Defense","00:16:12"
"2428","1","Attack","00:12:55"
"2428","1","Defense","00:12:55"
"2428","2","Attack","00:04:41"
"2428","2","Defense","00:04:41"
"2428","3","Ruins","00:05:22"
"2428","3","Well","00:04:13"
"2428","4","Attack","00:05:24"
"2428","4","Defense","00:05:24"
"2429","1","Attack","00:17:23"
"2429","1","Defense","00:17:23"
"2429","2","Attack","00:18:52"
"2429","2","Defense","00:18:52"
"2429","3","Gardens","00:04:23"
"2429","3","University","00:04:02"
"2429","4","Attack","00:14:54"
"2429","4","Defense","00:14:54"
"2430","1","Attack","00:14:08"
"2430","1","Defense","00:14:08"
"2430","2","Attack","00:07:47"
"2430","2","Defense","00:07:47"
"2430","3","City Center","00:04:27"
"2430","3","Gardens","00:04:44"
"2430","3","University","00:02:43"
"2430","4","Attack","00:17:51"
"2430","4","Defense","00:17:51"
"2431","1","Attack","00:17:25"
"2431","1","Defense","00:17:25"
"2431","2","Attack","00:13:36"
"2431","2","Defense","00:13:36"
"2431","3","City Center","00:05:03"
"2431","3","Gardens","00:03:48"
"2431","3","University","00:05:18"
"2431","4","Attack","00:12:53"
"2431","4","Defense","00:12:53"
"2432","1","Attack","00:11:22"
"2432","1","Defense","00:11:22"
"2432","2","Attack","00:14:20"
"2432","2","Defense","00:14:20"
"2432","3","Lighthouse","00:05:41"
"2432","3","Well","00:06:46"
"2432","4","Attack","00:17:48"
"2432","4","Defense","00:17:48"
"2433","1","Attack","00:14:26"
"2433","1","Defense","00:14:26"
"2433","2","Attack","00:14:12"
"2433","2","Defense","00:14:12"
"2433","3","City Center","00:04:36"
"2433","3","Gardens","00:02:55"
"2433","3","University","00:05:12"
"2433","4","Attack","00:09:46"
"2433","4","Defense","00:09:46"
"2434","1","Attack","00:12:47"
"2434","1","Defense","00:12:47"
"2434","2","Attack","00:10:43"
"2434","2","Defense","00:10:43"
"2434","3","Lighthouse","00:05:45"
"2434","3","Ruins","00:05:21"
"2434","4","Attack","00:13:58"
"2434","4","Defense","00:13:58"
"2435","1","Attack","00:15:57"
"2435","1","Defense","00:15:57"
"2435","2","Attack","00:12:12"
"2435","2","Defense","00:12:12"
"2435","3","Ruins","00:03:02"
"2435","3","Well","00:02:59"
"2435","4","Attack","00:19:36"
"2435","4","Defense","00:19:36"
"2436","1","Attack","00:16:44"
"2436","1","Defense","00:16:44"
"2436","2","Attack","00:16:35"
"2436","2","Defense","00:16:35"
"2436","3","Lighthouse","00:03:11"
"2436","3","Ruins","00:05:22"
"2436","4","Attack","00:15:08"
"2436","4","Defense","00:15:08"
"2436","5","Control Center","00:03:02"
"2436","5","Garden","00:03:24"
"2436","5","Night Market","00:04:45"
"2437","1","Attack","00:09:14"
"2437","1","Defense","00:09:14"
"2437","2","Attack","00:12:22"
"2437","2","Defense","00:12:22"
"2437","3","City Center","00:04:52"
"2437","3","Gardens","00:02:58"
"2437","4","Attack","00:14:36"
"2437","4","Defense","00:14:36"
"2438","1","Attack","00:04:56"
"2438","1","Defense","00:04:56"
"2438","2","Attack","00:06:07"
"2438","2","Defense","00:06:07"
"2438","3","Ruins","00:05:36"
"2438","3","Well","00:05:00"
"2438","4","Attack","00:05:52"
"2438","4","Defense","00:05:52"
"2439","1","Attack","00:05:21"
"2439","1","Defense","00:05:21"
"2439","2","Attack","00:23:32"
"2439","2","Defense","00:23:32"
"2439","3","City Center","00:04:21"
"2439","3","Gardens","00:05:13"
"2439","3","University","00:04:58"
"2439","4","Attack","00:11:50"
"2439","4","Defense","00:11:50"
"2440","1","Attack","00:20:48"
"2440","1","Defense","00:20:48"
"2440","2","Attack","00:11:34"
"2440","2","Defense","00:11:34"
"2440","3","City Center","00:04:00"
"2440","3","Gardens","00:04:33"
"2440","4","Attack","00:13:55"
"2440","4","Defense","00:13:55"
"2441","1","Attack","00:15:19"
"2441","1","Defense","00:15:19"
"2441","2","Attack","00:14:00"
"2441","2","Defense","00:14:00"
"2441","3","City Center","00:03:24"
"2441","3","Gardens","00:03:11"
"2441","4","Attack","00:18:08"
"2441","4","Defense","00:18:08"
"2441","5","Control Center","00:05:06"
"2441","5","Garden","00:02:50"
"2441","5","Night Market","00:03:22"
"2442","1","Attack","00:17:29"
"2442","1","Defense","00:17:29"
"2442","2","Attack","00:05:48"
"2442","2","Defense","00:05:48"
"2442","3","Gardens","00:05:33"
"2442","3","University","00:04:22"
"2442","4","Attack","00:14:18"
"2442","4","Defense","00:14:18"
"2443","1","Attack","00:16:25"
"2443","1","Defense","00:16:25"
"2443","2","Attack","00:17:54"
"2443","2","Defense","00:17:54"
"2443","3","City Center","00:05:51"
"2443","3","University","00:05:10"
"2443","4","Attack","00:16:02"
"2443","4","Defense","00:16:02"
"2444","1","Attack","00:05:27"
"2444","1","Defense","00:05:27"
"2444","2","Attack","00:13:39"
"2444","2","Defense","00:13:39"
"2444","3","Lighthouse","00:04:38"
"2444","3","Ruins","00:05:15"
"2444","4","Attack","00:19:01"
"2444","4","Defense","00:19:01"
"2445","1","Attack","00:10:40"
"2445","1","Defense","00:10:40"
"2445","2","Attack","00:17:48"
"2445","2","Defense","00:17:48"
"2445","3","Lighthouse","00:03:11"
"2445","3","Ruins","00:05:06"
"2445","4","Attack","00:12:10"
"2445","4","Defense","00:12:10"
"2446","1","Attack","00:10:22"
"2446","1","Defense","00:10:22"
"2446","2","Attack","00:14:20"
"2446","2","Defense","00:14:20"
"2446","3","City Center","00:04:14"
"2446","3","University","00:05:00"
"2446","4","Attack","00:15:03"
"2446","4","Defense","00:15:03"
"2447","1","Attack","00:08:20"
"2447","1","Defense","00:08:20"
"2447","2","Attack","00:15:39"
"2447","2","Defense","00:15:39"
"2447","3","City Center","00:03:33"
"2447","3","University","00:03:00"
"2447","4","Attack","00:13:06"
"2447","4","Defense","00:13:06"
"2448","1","Attack","00:16:55"
"2448","1","Defense","00:16:55"
"2448","2","Attack","00:05:36"
"2448","2","Defense","00:05:36"
"2448","3","Lighthouse","00:03:57"
"2448","3","Ruins","00:04:00"
"2448","3","Well","00:04:20"
"2448","4","Attack","00:16:27"
"2448","4","Defense","00:16:27"
"2448","5","Garden","00:04:06"
"2448","5","Night Market","00:03:55"
"2449","1","Attack","00:18:49"
"2449","1","Defense","00:18:49"
"2449","2","Attack","00:11:48"
"2449","2","Defense","00:11:48"
"2449","3","Lighthouse","00:03:02"
"2449","3","Ruins","00:03:05"
"2449","4","Attack","00:12:36"
"2449","4","Defense","00:12:36"
"2450","1","Attack","00:13:59"
"2450","1","Defense","00:13:59"
"2450","2","Attack","00:17:02"
"2450","2","Defense","00:17:02"
"2450","3","Lighthouse","00:04:57"
"2450","3","Ruins","00:05:13"
"2450","4","Attack","00:18:11"
"2450","4","Defense","00:18:11"
"2450","5","Control Center","00:05:19"
"2450","5","Garden","00:04:39"
"2451","1","Attack","00:16:37"
"2451","1","Defense","00:16:37"
"2451","2","Attack","00:10:53"
"2451","2","Defense","00:10:53"
"2451","3","Lighthouse","00:03:35"
"2451","3","Ruins","00:02:48"
"2451","4","Attack","00:16:25"
"2451","4","Defense","00:16:25"
"2451","5","Control Center","00:04:11"
"2451","5","Garden","00:06:08"
"2451","5","Night Market","00:05:09"
"2452","1","Attack","00:12:24"
"2452","1","Defense","00:12:24"
"2452","2","Attack","00:12:41"
"2452","2","Defense","00:12:41"
"2452","3","City Center","00:06:26"
"2452","3","Gardens","00:05:11"
"2452","4","Attack","00:11:13"
"2452","4","Defense","00:11:13"
"2452","5","Control Center","00:05:15"
"2452","5","Garden","00:02:59"
"2452","5","Night Market","00:05:25"
"2454","1","Attack","00:16:05"
"2454","1","Defense","00:16:05"
"2454","2","City Center","00:07:24"
"2454","2","Gardens","00:05:15"
"2454","3","Attack","00:15:55"
"2454","3","Defense","00:15:55"
"2454","4","Attack","00:11:40"
"2454","4","Defense","00:11:40"
"2454","5","Attack","00:16:23"
"2454","5","Defense","00:16:23"
"2455","1","Attack","00:10:41"
"2455","1","Defense","00:10:41"
"2455","2","Garden","00:06:11"
"2455","2","Night Market","00:04:14"
"2455","3","Attack","00:12:14"
"2455","3","Defense","00:12:14"
"2455","4","Attack","00:14:09"
"2455","4","Defense","00:14:09"
"2455","5","Lighthouse","00:05:24"
"2455","5","Ruins","00:03:59"
"2456","1","Attack","00:11:44"
"2456","1","Defense","00:11:44"
"2456","2","Control Center","00:03:39"
"2456","2","Garden","00:05:41"
"2456","2","Night Market","00:04:38"
"2456","3","Attack","00:16:04"
"2456","3","Defense","00:16:04"
"2456","4","Attack","00:13:45"
"2456","4","Defense","00:13:45"
"2457","1","Attack","00:13:17"
"2457","1","Defense","00:13:17"
"2457","2","Control Center","00:04:37"
"2457","2","Garden","00:05:40"
"2457","2","Night Market","00:04:25"
"2457","3","Attack","00:14:21"
"2457","3","Defense","00:14:21"
"2457","4","Attack","00:13:28"
"2457","4","Defense","00:13:28"
"2458","1","Attack","00:07:18"
"2458","1","Defense","00:07:18"
"2458","2","Sanctum","00:05:08"
"2458","2","Shrine","00:04:53"
"2458","3","Attack","00:10:39"
"2458","3","Defense","00:10:39"
"2458","4","Attack","00:14:36"
"2458","4","Defense","00:14:36"
"2459","1","Attack","00:14:59"
"2459","1","Defense","00:14:59"
"2459","2","Control Center","00:04:12"
"2459","2","Night Market","00:05:05"
"2459","3","Attack","00:17:53"
"2459","3","Defense","00:17:53"
"2459","4","Attack","00:06:40"
"2459","4","Defense","00:06:40"
"2460","1","Attack","00:18:05"
"2460","1","Defense","00:18:05"
"2460","2","Control Center","00:02:58"
"2460","2","Garden","00:02:55"
"2460","2","Night Market","00:05:50"
"2460","3","Attack","00:14:59"
"2460","3","Defense","00:14:59"
"2460","4","Attack","00:08:53"
"2460","4","Defense","00:08:53"
"2461","1","Attack","00:13:49"
"2461","1","Defense","00:13:49"
"2461","2","Sanctum","00:05:05"
"2461","2","Shrine","00:02:38"
"2461","2","Village","00:05:08"
"2461","3","Attack","00:14:42"
"2461","3","Defense","00:14:42"
"2461","4","Attack","00:16:37"
"2461","4","Defense","00:16:37"
"2462","1","Attack","00:16:10"
"2462","1","Defense","00:16:10"
"2462","2","Garden","00:02:55"
"2462","2","Night Market","00:03:25"
"2462","3","Attack","00:16:55"
"2462","3","Defense","00:16:55"
"2462","4","Attack","00:16:48"
"2462","4","Defense","00:16:48"
"2463","1","Attack","00:06:27"
"2463","1","Defense","00:06:27"
"2463","2","Sanctum","00:04:14"
"2463","2","Shrine","00:03:08"
"2463","3","Attack","00:13:33"
"2463","3","Defense","00:13:33"
"2463","4","Attack","00:13:14"
"2463","4","Defense","00:13:14"
"2464","1","Attack","00:16:32"
"2464","1","Defense","00:16:32"
"2464","2","Control Center","00:05:18"
"2464","2","Garden","00:03:32"
"2464","3","Attack","00:05:55"
"2464","3","Defense","00:05:55"
"2464","4","Attack","00:16:53"
"2464","4","Defense","00:16:53"
"2465","1","Attack","00:10:59"
"2465","1","Defense","00:10:59"
"2465","2","Sanctum","00:05:06"
"2465","2","Village","00:05:59"
"2465","3","Attack","00:13:58"
"2465","3","Defense","00:13:58"
"2465","4","Attack","00:07:19"
"2465","4","Defense","00:07:19"
"2465","5","Lighthouse","00:05:13"
"2465","5","Ruins","00:05:38"
"2465","5","Well","00:05:56"
"2466","1","Attack","00:16:46"
"2466","1","Defense","00:16:46"
"2466","2","Sanctum","00:03:27"
"2466","2","Shrine","00:04:18"
"2466","2","Village","00:03:33"
"2466","3","Attack","00:14:28"
"2466","3","Defense","00:14:28"
"2466","4","Attack","00:12:40"
"2466","4","Defense","00:12:40"
"2467","1","Attack","00:07:25"
"2467","1","Defense","00:07:25"
"2467","2","Control Center","00:03:41"
"2467","2","Garden","00:05:01"
"2467","2","Night Market","00:05:13"
"2467","3","Attack","00:14:53"
"2467","3","Defense","00:14:53"
"2467","4","Attack","00:12:00"
"2467","4","Defense","00:12:00"
"2468","1","Attack","00:15:27"
"2468","1","Defense","00:15:27"
"2468","2","Sanctum","00:05:15"
"2468","2","Shrine","00:04:47"
"2468","3","Attack","00:10:01"
"2468","3","Defense","00:10:01"
"2468","4","Attack","00:05:30"
"2468","4","Defense","00:05:30"
"2469","1","Attack","00:12:48"
"2469","1","Defense","00:12:48"
"2469","2","Sanctum","00:03:17"
"2469","2","Shrine","00:04:25"
"2469","2","Village","00:05:12"
"2469","3","Attack","00:09:35"
"2469","3","Defense","00:09:35"
"2469","4","Attack","00:14:41"
"2469","4","Defense","00:14:41"
"2470","1","Attack","00:05:14"
"2470","1","Defense","00:05:14"
"2470","2","Shrine","00:04:27"
"2470","2","Village","00:04:27"
"2470","3","Attack","00:05:21"
"2470","3","Defense","00:05:21"
"2470","4","Attack","00:09:59"
"2470","4","Defense","00:09:59"
"2471","1","Attack","00:05:45"
"2471","1","Defense","00:05:45"
"2471","2","Control Center","00:04:57"
"2471","2","Garden","00:04:35"
"2471","2","Night Market","00:03:06"
"2471","3","Attack","00:18:58"
"2471","3","Defense","00:18:58"
"2471","4","Attack","00:12:42"
"2471","4","Defense","00:12:42"
"2472","1","Attack","00:05:19"
"2472","1","Defense","00:05:19"
"2472","2","Sanctum","00:04:22"
"2472","2","Shrine","00:05:22"
"2472","2","Village","00:04:44"
"2472","3","Attack","00:15:13"
"2472","3","Defense","00:15:13"
"2472","4","Attack","00:19:39"
"2472","4","Defense","00:19:39"
"2473","1","Attack","00:13:35"
"2473","1","Defense","00:13:35"
"2473","2","Control Center","00:03:31"
"2473","2","Garden","00:04:05"
"2473","3","Attack","00:05:42"
"2473","3","Defense","00:05:42"
"2473","4","Attack","00:16:51"
"2473","4","Defense","00:16:51"
"2474","1","Attack","00:18:25"
"2474","1","Defense","00:18:25"
"2474","2","Control Center","00:04:22"
"2474","2","Garden","00:03:44"
"2474","2","Night Market","00:04:40"
"2474","3","Attack","00:11:14"
"2474","3","Defense","00:11:14"
"2474","4","Attack","00:14:55"
"2474","4","Defense","00:14:55"
"2475","1","Attack","00:18:58"
"2475","1","Defense","00:18:58"
"2475","2","Control Center","00:05:32"
"2475","2","Garden","00:05:42"
"2475","3","Attack","00:11:09"
"2475","3","Defense","00:11:09"
"2475","4","Attack","00:25:03"
"2475","4","Defense","00:25:03"
"2476","1","Attack","00:16:15"
"2476","1","Defense","00:16:15"
"2476","2","Garden","00:04:47"
"2476","2","Night Market","00:03:25"
"2476","3","Attack","00:17:46"
"2476","3","Defense","00:17:46"
"2476","4","Attack","00:05:47"
"2476","4","Defense","00:05:47"
"2477","1","Attack","00:13:15"
"2477","1","Defense","00:13:15"
"2477","2","Control Center","00:05:26"
"2477","2","Garden","00:04:45"
"2477","2","Night Market","00:03:37"
"2477","3","Attack","00:11:44"
"2477","3","Defense","00:11:44"
"2477","4","Attack","00:12:40"
"2477","4","Defense","00:12:40"
"2478","1","Attack","00:12:08"
"2478","1","Defense","00:12:08"
"2478","2","Shrine","00:02:57"
"2478","2","Village","00:03:00"
"2478","3","Attack","00:11:19"
"2478","3","Defense","00:11:19"
"2478","4","Attack","00:14:05"
"2478","4","Defense","00:14:05"
"2479","1","Attack","00:13:32"
"2479","1","Defense","00:13:32"
"2479","2","Sanctum","00:05:03"
"2479","2","Shrine","00:03:35"
"2479","2","Village","00:05:21"
"2479","3","Attack","00:17:21"
"2479","3","Defense","00:17:21"
"2479","4","Attack","00:15:53"
"2479","4","Defense","00:15:53"
"2480","1","Attack","00:17:38"
"2480","1","Defense","00:17:38"
"2480","2","Sanctum","00:04:40"
"2480","2","Village","00:08:04"
"2480","3","Attack","00:15:40"
"2480","3","Defense","00:15:40"
"2480","4","Attack","00:19:53"
"2480","4","Defense","00:19:53"
"2481","1","Attack","00:17:44"
"2481","1","Defense","00:17:44"
"2481","2","Garden","00:05:42"
"2481","2","Night Market","00:04:49"
"2481","3","Attack","00:11:33"
"2481","3","Defense","00:11:33"
"2481","4","Attack","00:17:30"
"2481","4","Defense","00:17:30"
"2481","5","Lighthouse","00:04:20"
"2481","5","Well","00:04:04"
"2482","1","Attack","00:14:39"
"2482","1","Defense","00:14:39"
"2482","2","Control Center","00:02:50"
"2482","2","Garden","00:04:10"
"2482","3","Attack","00:14:18"
"2482","3","Defense","00:14:18"
"2482","4","Attack","00:16:20"
"2482","4","Defense","00:16:20"
"2483","1","Attack","00:17:02"
"2483","1","Defense","00:17:02"
"2483","2","Garden","00:05:29"
"2483","2","Night Market","00:03:39"
"2483","3","Attack","00:14:18"
"2483","3","Defense","00:14:18"
"2483","4","Attack","00:13:31"
"2483","4","Defense","00:13:31"
"2484","1","Attack","00:16:53"
"2484","1","Defense","00:16:53"
"2484","2","Sanctum","00:04:06"
"2484","2","Village","00:04:55"
"2484","3","Attack","00:13:04"
"2484","3","Defense","00:13:04"
"2484","4","Attack","00:16:36"
"2484","4","Defense","00:16:36"
"2484","5","Ruins","00:05:04"
"2484","5","Well","00:03:50"
"2485","1","Attack","00:12:39"
"2485","1","Defense","00:12:39"
"2485","2","Garden","00:04:42"
"2485","2","Night Market","00:04:21"
"2485","3","Attack","00:09:33"
"2485","3","Defense","00:09:33"
"2485","4","Attack","00:12:26"
"2485","4","Defense","00:12:26"
"2486","1","Attack","00:21:39"
"2486","1","Defense","00:21:39"
"2486","2","Sanctum","00:04:01"
"2486","2","Shrine","00:04:51"
"2486","2","Village","00:03:10"
"2486","3","Attack","00:09:39"
"2486","3","Defense","00:09:39"
"2486","4","Attack","00:16:24"
"2486","4","Defense","00:16:24"
"2486","5","Ruins","00:04:31"
"2486","5","Well","00:05:10"
"2487","1","Attack","00:09:02"
"2487","1","Defense","00:09:02"
"2487","2","Control Center","00:05:02"
"2487","2","Garden","00:04:00"
"2487","3","Attack","00:13:22"
"2487","3","Defense","00:13:22"
"2487","4","Attack","00:09:14"
"2487","4","Defense","00:09:14"
"2488","1","Attack","00:04:49"
"2488","1","Defense","00:04:49"
"2488","2","Shrine","00:04:28"
"2488","2","Village","00:03:00"
"2488","3","Attack","00:12:36"
"2488","3","Defense","00:12:36"
"2488","4","Attack","00:12:55"
"2488","4","Defense","00:12:55"
"2489","1","Attack","00:14:35"
"2489","1","Defense","00:14:35"
"2489","2","Shrine","00:05:00"
"2489","2","Village","00:04:07"
"2489","3","Attack","00:06:06"
"2489","3","Defense","00:06:06"
"2489","4","Attack","00:17:27"
"2489","4","Defense","00:17:27"
"2490","1","Attack","00:17:43"
"2490","1","Defense","00:17:43"
"2490","2","Control Center","00:04:21"
"2490","2","Garden","00:05:27"
"2490","2","Night Market","00:05:17"
"2490","3","Attack","00:05:30"
"2490","3","Defense","00:05:30"
"2490","4","Attack","00:11:20"
"2490","4","Defense","00:11:20"
"2490","5","Lighthouse","00:03:26"
"2490","5","Ruins","00:05:36"
"2491","1","Attack","00:20:38"
"2491","1","Defense","00:20:38"
"2491","2","Sanctum","00:05:00"
"2491","2","Shrine","00:04:23"
"2491","3","Attack","00:13:30"
"2491","3","Defense","00:13:30"
"2491","4","Attack","00:15:38"
"2491","4","Defense","00:15:38"
"2492","1","Attack","00:12:26"
"2492","1","Defense","00:12:26"
"2492","2","Sanctum","00:02:48"
"2492","2","Shrine","00:05:09"
"2492","3","Attack","00:07:21"
"2492","3","Defense","00:07:21"
"2492","4","Attack","00:16:58"
"2492","4","Defense","00:16:58"
"2493","1","Attack","00:15:20"
"2493","1","Defense","00:15:20"
"2493","2","Control Center","00:05:33"
"2493","2","Garden","00:05:08"
"2493","2","Night Market","00:05:07"
"2493","3","Attack","00:16:05"
"2493","3","Defense","00:16:05"
"2493","4","Attack","00:15:33"
"2493","4","Defense","00:15:33"
"2493","5","Lighthouse","00:03:54"
"2493","5","Ruins","00:04:49"
"2493","5","Well","00:05:10"
"2494","1","Attack","00:16:28"
"2494","1","Defense","00:16:28"
"2494","2","Garden","00:04:49"
"2494","2","Night Market","00:04:17"
"2494","3","Attack","00:13:48"
"2494","3","Defense","00:13:48"
"2494","4","Attack","00:13:53"
"2494","4","Defense","00:13:53"
"2495","1","Attack","00:11:38"
"2495","1","Defense","00:11:38"
"2495","2","Sanctum","00:05:16"
"2495","2","Shrine","00:02:37"
"2495","3","Attack","00:13:12"
"2495","3","Defense","00:13:12"
"2495","4","Attack","00:15:12"
"2495","4","Defense","00:15:12"
"2496","1","Attack","00:10:39"
"2496","1","Defense","00:10:39"
"2496","2","Control Center","00:04:36"
"2496","2","Night Market","00:03:50"
"2496","3","Attack","00:11:38"
"2496","3","Defense","00:11:38"
"2496","4","Attack","00:14:46"
"2496","4","Defense","00:14:46"
"2497","1","Attack","00:12:01"
"2497","1","Defense","00:12:01"
"2497","2","Shrine","00:06:04"
"2497","2","Village","00:04:29"
"2497","3","Attack","00:12:55"
"2497","3","Defense","00:12:55"
"2497","4","Attack","00:08:31"
"2497","4","Defense","00:08:31"
"2498","1","Attack","00:12:25"
"2498","1","Defense","00:12:25"
"2498","2","Shrine","00:05:48"
"2498","2","Village","00:04:30"
"2498","3","Attack","00:16:27"
"2498","3","Defense","00:16:27"
"2498","4","Attack","00:11:48"
"2498","4","Defense","00:11:48"
"2498","5","Ruins","00:04:38"
"2498","5","Well","00:04:57"
"2499","1","Attack","00:06:01"
"2499","1","Defense","00:06:01"
"2499","2","Control Center","00:04:42"
"2499","2","Night Market","00:04:39"
"2499","3","Attack","00:10:00"
"2499","3","Defense","00:10:00"
"2499","4","Attack","00:05:51"
"2499","4","Defense","00:05:51"
"2500","1","Attack","00:16:12"
"2500","1","Defense","00:16:12"
"2500","2","Sanctum","00:05:26"
"2500","2","Shrine","00:03:42"
"2500","3","Attack","00:16:07"
"2500","3","Defense","00:16:07"
"2500","4","Attack","00:16:52"
"2500","4","Defense","00:16:52"
"2501","1","Attack","00:19:50"
"2501","1","Defense","00:19:50"
"2501","2","Control Center","00:02:57"
"2501","2","Night Market","00:05:08"
"2501","3","Attack","00:17:19"
"2501","3","Defense","00:17:19"
"2501","4","Attack","00:16:26"
"2501","4","Defense","00:16:26"
"2501","5","Ruins","00:03:16"
"2501","5","Well","00:05:18"
"2502","1","Attack","00:18:43"
"2502","1","Defense","00:18:43"
"2502","2","Sanctum","00:04:14"
"2502","2","Shrine","00:05:04"
"2502","3","Attack","00:09:43"
"2502","3","Defense","00:09:43"
"2502","4","Attack","00:16:30"
"2502","4","Defense","00:16:30"
"2502","5","Lighthouse","00:04:15"
"2502","5","Ruins","00:03:00"
"2502","5","Well","00:03:27"
"2503","1","Attack","00:16:56"
"2503","1","Defense","00:16:56"
"2503","2","Sanctum","00:03:53"
"2503","2","Shrine","00:04:22"
"2503","2","Village","00:05:11"
"2503","3","Attack","00:07:04"
"2503","3","Defense","00:07:04"
"2503","4","Attack","00:15:07"
"2503","4","Defense","00:15:07"
"2504","1","Attack","00:12:30"
"2504","1","Defense","00:12:30"
"2504","2","Shrine","00:05:09"
"2504","2","Village","00:05:08"
"2504","3","Attack","00:09:35"
"2504","3","Defense","00:09:35"
"2504","4","Attack","00:16:53"
"2504","4","Defense","00:16:53"
"2504","5","Lighthouse","00:05:16"
"2504","5","Ruins","00:05:14"
"2504","5","Well","00:03:28"
"2505","1","Attack","00:10:23"
"2505","1","Defense","00:10:23"
"2505","2","Garden","00:02:46"
"2505","2","Night Market","00:04:13"
"2505","3","Attack","00:10:28"
"2505","3","Defense","00:10:28"
"2505","4","Attack","00:13:12"
"2505","4","Defense","00:13:12"
"2506","1","Attack","00:05:56"
"2506","1","Defense","00:05:56"
"2506","2","Control Center","00:05:09"
"2506","2","Garden","00:04:28"
"2506","2","Night Market","00:04:21"
"2506","3","Attack","00:18:31"
"2506","3","Defense","00:18:31"
"2506","4","Attack","00:14:27"
"2506","4","Defense","00:14:27"
"2507","1","Attack","00:13:54"
"2507","1","Defense","00:13:54"
"2507","2","Sanctum","00:03:01"
"2507","2","Village","00:03:50"
"2507","3","Attack","00:05:40"
"2507","3","Defense","00:05:40"
"2507","4","Attack","00:13:33"
"2507","4","Defense","00:13:33"
"2508","1","Attack","00:12:57"
"2508","1","Defense","00:12:57"
"2508","2","Garden","00:04:10"
"2508","2","Night Market","00:03:12"
"2508","3","Attack","00:15:27"
"2508","3","Defense","00:15:27"
"2508","4","Attack","00:20:03"
"2508","4","Defense","00:20:03"
"2508","5","Lighthouse","00:06:23"
"2508","5","Ruins","00:04:26"
"2508","5","Well","00:02:57"
"2509","1","Attack","00:06:04"
"2509","1","Defense","00:06:04"
"2509","2","Shrine","00:03:53"
"2509","2","Village","00:04:51"
"2509","3","Attack","00:12:41"
"2509","3","Defense","00:12:41"
"2509","4","Attack","00:13:53"
"2509","4","Defense","00:13:53"
"2509","5","Attack","00:16:08"
"2509","5","Defense","00:16:08"
"2510","1","Attack","00:16:05"
"2510","1","Defense","00:16:05"
"2510","2","Control Center","00:05:22"
"2510","2","Garden","00:03:40"
"2510","2","Night Market","00:05:00"
"2510","3","Attack","00:05:27"
"2510","3","Defense","00:05:27"
"2510","4","Attack","00:11:12"
"2510","4","Defense","00:11:12"
"2510","5","Attack","00:14:55"
"2510","5","Defense","00:14:55"
"2570","1","Attack","00:16:59"
"2570","1","Defense","00:16:59"
"2570","2","Attack","00:16:53"
"2570","2","Defense","00:16:53"
"2570","3","Sanctum","00:03:49"
"2570","3","Village","00:05:31"
"2570","4","Attack","00:19:12"
"2570","4","Defense","00:19:12"
"2571","1","Attack","00:09:12"
"2571","1","Defense","00:09:12"
"2571","2","Attack","00:11:59"
"2571","2","Defense","00:11:59"
"2571","3","Lighthouse","00:02:55"
"2571","3","Ruins","00:04:39"
"2571","4","Attack","00:14:27"
"2571","4","Defense","00:14:27"
"2572","1","Attack","00:32:16"
"2572","1","Defense","00:32:16"
"2572","2","Attack","00:17:19"
"2572","2","Defense","00:17:19"
"2572","3","Lighthouse","00:03:29"
"2572","3","Ruins","00:04:07"
"2572","3","Well","00:04:59"
"2572","4","Attack","00:16:16"
"2572","4","Defense","00:16:16"
"2573","1","Attack","00:05:47"
"2573","1","Defense","00:05:47"
"2573","2","Attack","00:13:09"
"2573","2","Defense","00:13:09"
"2573","3","Lighthouse","00:04:12"
"2573","3","Ruins","00:02:54"
"2573","3","Well","00:03:49"
"2573","4","Attack","00:16:40"
"2573","4","Defense","00:16:40"
"2574","1","Attack","00:12:07"
"2574","1","Defense","00:12:07"
"2574","2","Attack","00:13:16"
"2574","2","Defense","00:13:16"
"2574","3","Shrine","00:03:30"
"2574","3","Village","00:02:57"
"2574","4","Attack","00:13:44"
"2574","4","Defense","00:13:44"
"2575","1","Attack","00:14:02"
"2575","1","Defense","00:14:02"
"2575","2","Attack","00:10:49"
"2575","2","Defense","00:10:49"
"2575","3","Sanctum","00:03:48"
"2575","3","Shrine","00:03:16"
"2575","3","Village","00:04:07"
"2575","4","Attack","00:12:19"
"2575","4","Defense","00:12:19"
"2576","1","Attack","00:11:02"
"2576","1","Defense","00:11:02"
"2576","2","Attack","00:12:51"
"2576","2","Defense","00:12:51"
"2576","3","Sanctum","00:03:48"
"2576","3","Shrine","00:05:47"
"2576","3","Village","00:03:21"
"2576","4","Attack","00:15:05"
"2576","4","Defense","00:15:05"
"2577","1","Attack","00:10:54"
"2577","1","Defense","00:10:54"
"2577","2","Attack","00:17:37"
"2577","2","Defense","00:17:37"
"2577","3","Lighthouse","00:06:24"
"2577","3","Well","00:04:11"
"2577","4","Attack","00:10:27"
"2577","4","Defense","00:10:27"
"2578","1","Attack","00:13:19"
"2578","1","Defense","00:13:19"
"2578","2","Attack","00:13:36"
"2578","2","Defense","00:13:36"
"2578","3","Sanctum","00:03:55"
"2578","3","Shrine","00:03:25"
"2578","3","Village","00:03:43"
"2578","4","Attack","00:12:19"
"2578","4","Defense","00:12:19"
"2578","5","Gardens","00:05:30"
"2578","5","University","00:05:32"
"2579","1","Attack","00:11:25"
"2579","1","Defense","00:11:25"
"2579","2","Attack","00:12:59"
"2579","2","Defense","00:12:59"
"2579","3","Lighthouse","00:04:29"
"2579","3","Ruins","00:03:45"
"2579","4","Attack","00:16:05"
"2579","4","Defense","00:16:05"
"2579","5","City Center","00:03:48"
"2579","5","University","00:05:11"
"2580","1","Attack","00:17:50"
"2580","1","Defense","00:17:50"
"2580","2","Attack","00:18:11"
"2580","2","Defense","00:18:11"
"2580","3","Sanctum","00:03:05"
"2580","3","Shrine","00:04:56"
"2580","3","Village","00:03:14"
"2580","4","Attack","00:13:36"
"2580","4","Defense","00:13:36"
"2581","1","Attack","00:18:57"
"2581","1","Defense","00:18:57"
"2581","2","Attack","00:17:15"
"2581","2","Defense","00:17:15"
"2581","3","Ruins","00:02:54"
"2581","3","Well","00:05:07"
"2581","4","Attack","00:04:53"
"2581","4","Defense","00:04:53"
"2581","5","Gardens","00:05:11"
"2581","5","University","00:05:09"
"2582","1","Attack","00:22:44"
"2582","1","Defense","00:22:44"
"2582","2","Attack","00:16:07"
"2582","2","Defense","00:16:07"
"2582","3","Lighthouse","00:05:40"
"2582","3","Ruins","00:05:37"
"2582","3","Well","00:04:07"
"2582","4","Attack","00:15:13"
"2582","4","Defense","00:15:13"
"2583","1","Attack","00:18:19"
"2583","1","Defense","00:18:19"
"2583","2","Attack","00:18:06"
"2583","2","Defense","00:18:06"
"2583","3","Ruins","00:04:47"
"2583","3","Well","00:05:47"
"2583","4","Attack","00:17:04"
"2583","4","Defense","00:17:04"
"2584","1","Attack","00:17:26"
"2584","1","Defense","00:17:26"
"2584","2","Attack","00:13:15"
"2584","2","Defense","00:13:15"
"2584","3","Sanctum","00:04:17"
"2584","3","Shrine","00:04:00"
"2584","3","Village","00:02:47"
"2584","4","Attack","00:15:22"
"2584","4","Defense","00:15:22"
"2584","5","Gardens","00:05:04"
"2584","5","University","00:04:14"
"2585","1","Attack","00:14:05"
"2585","1","Defense","00:14:05"
"2585","2","Attack","00:17:05"
"2585","2","Defense","00:17:05"
"2585","3","Ruins","00:06:02"
"2585","3","Well","00:04:27"
"2585","4","Attack","00:12:44"
"2585","4","Defense","00:12:44"
"2585","5","Gardens","00:03:35"
"2585","5","University","00:05:02"
"2586","1","Attack","00:13:29"
"2586","1","Defense","00:13:29"
"2586","2","Attack","00:15:32"
"2586","2","Defense","00:15:32"
"2586","3","Sanctum","00:04:34"
"2586","3","Shrine","00:04:28"
"2586","3","Village","00:03:35"
"2586","4","Attack","00:15:04"
"2586","4","Defense","00:15:04"
"2586","5","City Center","00:03:20"
"2586","5","Gardens","00:06:03"
"2586","5","University","00:04:38"
"2587","1","Attack","00:07:31"
"2587","1","Defense","00:07:31"
"2587","2","Attack","00:15:50"
"2587","2","Defense","00:15:50"
"2587","3","Shrine","00:04:19"
"2587","3","Village","00:05:13"
"2587","4","Attack","00:17:00"
"2587","4","Defense","00:17:00"
"2587","5","Gardens","00:03:34"
"2587","5","University","00:04:24"
"2588","1","Attack","00:12:54"
"2588","1","Defense","00:12:54"
"2588","2","Attack","00:16:46"
"2588","2","Defense","00:16:46"
"2588","3","Lighthouse","00:05:11"
"2588","3","Well","00:05:29"
"2588","4","Attack","00:12:09"
"2588","4","Defense","00:12:09"
"2588","5","City Center","00:04:55"
"2588","5","Gardens","00:05:56"
"2588","5","University","00:05:05"
"2589","1","Attack","00:06:58"
"2589","1","Defense","00:06:58"
"2589","2","Attack","00:14:50"
"2589","2","Defense","00:14:50"
"2589","3","Sanctum","00:04:48"
"2589","3","Shrine","00:04:07"
"2589","3","Village","00:02:51"
"2589","4","Attack","00:13:09"
"2589","4","Defense","00:13:09"
"2590","1","Attack","00:10:14"
"2590","1","Defense","00:10:14"
"2590","2","Attack","00:13:01"
"2590","2","Defense","00:13:01"
"2590","3","Lighthouse","00:04:49"
"2590","3","Ruins","00:04:20"
"2590","3","Well","00:06:13"
"2590","4","Attack","00:15:20"
"2590","4","Defense","00:15:20"
"2591","1","Attack","00:11:30"
"2591","1","Defense","00:11:30"
"2591","2","Attack","00:13:35"
"2591","2","Defense","00:13:35"
"2591","3","Lighthouse","00:05:14"
"2591","3","Ruins","00:04:21"
"2591","4","Attack","00:10:53"
"2591","4","Defense","00:10:53"
"2592","1","Attack","00:11:53"
"2592","1","Defense","00:11:53"
"2592","2","Attack","00:13:37"
"2592","2","Defense","00:13:37"
"2592","3","Lighthouse","00:04:48"
"2592","3","Ruins","00:03:04"
"2592","4","Attack","00:11:00"
"2592","4","Defense","00:11:00"
"2592","5","City Center","00:05:29"
"2592","5","Gardens","00:03:48"
"2592","5","University","00:04:55"
"2593","1","Attack","00:15:36"
"2593","1","Defense","00:15:36"
"2593","2","Attack","00:14:01"
"2593","2","Defense","00:14:01"
"2593","3","Lighthouse","00:03:30"
"2593","3","Ruins","00:02:56"
"2593","4","Attack","00:18:40"
"2593","4","Defense","00:18:40"
"2593","5","City Center","00:03:16"
"2593","5","Gardens","00:03:05"
"2593","5","University","00:04:20"
"2594","1","Attack","00:14:48"
"2594","1","Defense","00:14:48"
"2594","2","Attack","00:14:14"
"2594","2","Defense","00:14:14"
"2594","3","Sanctum","00:04:43"
"2594","3","Shrine","00:04:22"
"2594","3","Village","00:05:33"
"2594","4","Attack","00:11:48"
"2594","4","Defense","00:11:48"
"2595","1","Attack","00:14:47"
"2595","1","Defense","00:14:47"
"2595","2","Attack","00:10:47"
"2595","2","Defense","00:10:47"
"2595","3","Sanctum","00:03:03"
"2595","3","Shrine","00:05:11"
"2595","3","Village","00:02:40"
"2595","4","Attack","00:08:52"
"2595","4","Defense","00:08:52"
"2596","1","Attack","00:14:08"
"2596","1","Defense","00:14:08"
"2596","2","Attack","00:16:52"
"2596","2","Defense","00:16:52"
"2596","3","Sanctum","00:04:03"
"2596","3","Shrine","00:04:59"
"2596","3","Village","00:05:22"
"2596","4","Attack","00:09:47"
"2596","4","Defense","00:09:47"
"2597","1","Attack","00:07:50"
"2597","1","Defense","00:07:50"
"2597","2","Attack","00:12:35"
"2597","2","Defense","00:12:35"
"2597","3","Sanctum","00:03:49"
"2597","3","Shrine","00:04:05"
"2597","4","Attack","00:09:39"
"2597","4","Defense","00:09:39"
"2597","5","City Center","00:03:51"
"2597","5","University","00:03:58"
"2598","1","Attack","00:16:12"
"2598","1","Defense","00:16:12"
"2598","2","Attack","00:12:40"
"2598","2","Defense","00:12:40"
"2598","3","Lighthouse","00:03:46"
"2598","3","Ruins","00:05:57"
"2598","4","Attack","00:17:25"
"2598","4","Defense","00:17:25"
"2598","5","City Center","00:04:07"
"2598","5","University","00:05:02"
"2599","1","Attack","00:17:00"
"2599","1","Defense","00:17:00"
"2599","2","Attack","00:16:48"
"2599","2","Defense","00:16:48"
"2599","3","Lighthouse","00:04:46"
"2599","3","Ruins","00:03:14"
"2599","3","Well","00:03:03"
"2599","4","Attack","00:12:36"
"2599","4","Defense","00:12:36"
"2600","1","Attack","00:12:54"
"2600","1","Defense","00:12:54"
"2600","2","Attack","00:13:40"
"2600","2","Defense","00:13:40"
"2600","3","Lighthouse","00:03:14"
"2600","3","Ruins","00:04:27"
"2600","3","Well","00:03:08"
"2600","4","Attack","00:18:27"
"2600","4","Defense","00:18:27"
"2601","1","Attack","00:12:56"
"2601","1","Defense","00:12:56"
"2601","2","Attack","00:05:20"
"2601","2","Defense","00:05:20"
"2601","3","Sanctum","00:04:09"
"2601","3","Shrine","00:03:53"
"2601","3","Village","00:02:58"
"2601","4","Attack","00:12:37"
"2601","4","Defense","00:12:37"
"2602","1","Attack","00:14:55"
"2602","1","Defense","00:14:55"
"2602","2","Attack","00:13:54"
"2602","2","Defense","00:13:54"
"2602","3","Ruins","00:05:10"
"2602","3","Well","00:05:02"
"2602","4","Attack","00:19:17"
"2602","4","Defense","00:19:17"
"2603","1","Attack","00:17:15"
"2603","1","Defense","00:17:15"
"2603","2","Attack","00:12:40"
"2603","2","Defense","00:12:40"
"2603","3","Lighthouse","00:04:22"
"2603","3","Ruins","00:05:30"
"2603","3","Well","00:03:30"
"2603","4","Attack","00:15:35"
"2603","4","Defense","00:15:35"
"2603","5","City Center","00:04:43"
"2603","5","Gardens","00:06:02"
"2603","5","University","00:03:58"
"2604","1","Attack","00:17:03"
"2604","1","Defense","00:17:03"
"2604","2","Attack","00:10:13"
"2604","2","Defense","00:10:13"
"2604","3","Sanctum","00:05:45"
"2604","3","Shrine","00:05:56"
"2604","3","Village","00:05:20"
"2604","4","Attack","00:13:27"
"2604","4","Defense","00:13:27"
"2605","1","Attack","00:12:22"
"2605","1","Defense","00:12:22"
"2605","2","Attack","00:08:55"
"2605","2","Defense","00:08:55"
"2605","3","Sanctum","00:03:53"
"2605","3","Shrine","00:05:38"
"2605","4","Attack","00:11:35"
"2605","4","Defense","00:11:35"
"2605","5","City Center","00:04:55"
"2605","5","Gardens","00:03:44"
"2605","5","University","00:03:14"
"2606","1","Attack","00:07:49"
"2606","1","Defense","00:07:49"
"2606","2","Attack","00:09:52"
"2606","2","Defense","00:09:52"
"2606","3","Lighthouse","00:03:23"
"2606","3","Well","00:04:16"
"2606","4","Attack","00:16:09"
"2606","4","Defense","00:16:09"
"2607","1","Attack","00:13:37"
"2607","1","Defense","00:13:37"
"2607","2","Attack","00:16:38"
"2607","2","Defense","00:16:38"
"2607","3","Lighthouse","00:03:18"
"2607","3","Ruins","00:05:32"
"2607","3","Well","00:02:51"
"2607","4","Attack","00:11:07"
"2607","4","Defense","00:11:07"
"2607","5","City Center","00:03:16"
"2607","5","Gardens","00:05:18"
"2607","5","University","00:04:46"
"2608","1","Attack","00:14:32"
"2608","1","Defense","00:14:32"
"2608","2","Attack","00:12:58"
"2608","2","Defense","00:12:58"
"2608","3","Lighthouse","00:05:15"
"2608","3","Ruins","00:04:12"
"2608","3","Well","00:04:27"
"2608","4","Attack","00:16:57"
"2608","4","Defense","00:16:57"
"2609","1","Attack","00:14:38"
"2609","1","Defense","00:14:38"
"2609","2","Attack","00:08:52"
"2609","2","Defense","00:08:52"
"2609","3","Lighthouse","00:04:08"
"2609","3","Ruins","00:04:06"
"2609","4","Attack","00:11:03"
"2609","4","Defense","00:11:03"
"2610","1","Attack","00:13:10"
"2610","1","Defense","00:13:10"
"2610","2","Attack","00:14:44"
"2610","2","Defense","00:14:44"
"2610","3","Lighthouse","00:05:27"
"2610","3","Ruins","00:04:31"
"2610","3","Well","00:03:05"
"2610","4","Attack","00:05:36"
"2610","4","Defense","00:05:36"
"2611","1","Attack","00:14:35"
"2611","1","Defense","00:14:35"
"2611","2","Attack","00:17:57"
"2611","2","Defense","00:17:57"
"2611","3","Sanctum","00:04:42"
"2611","3","Shrine","00:04:49"
"2611","3","Village","00:03:35"
"2611","4","Attack","00:11:32"
"2611","4","Defense","00:11:32"
"2611","5","Gardens","00:04:37"
"2611","5","University","00:02:53"
"2612","1","Attack","00:12:39"
"2612","1","Defense","00:12:39"
"2612","2","Attack","00:08:56"
"2612","2","Defense","00:08:56"
"2612","3","Sanctum","00:03:44"
"2612","3","Shrine","00:06:20"
"2612","3","Village","00:05:15"
"2612","4","Attack","00:20:40"
"2612","4","Defense","00:20:40"
"2613","1","Attack","00:16:28"
"2613","1","Defense","00:16:28"
"2613","2","Attack","00:17:10"
"2613","2","Defense","00:17:10"
"2613","3","Sanctum","00:04:49"
"2613","3","Shrine","00:05:40"
"2613","3","Village","00:04:02"
"2613","4","Attack","00:13:22"
"2613","4","Defense","00:13:22"
"2614","1","Attack","00:16:55"
"2614","1","Defense","00:16:55"
"2614","2","Attack","00:14:09"
"2614","2","Defense","00:14:09"
"2614","3","Sanctum","00:05:36"
"2614","3","Shrine","00:03:59"
"2614","3","Village","00:04:12"
"2614","4","Attack","00:14:08"
"2614","4","Defense","00:14:08"
"2614","5","City Center","00:04:47"
"2614","5","Gardens","00:03:35"
"2615","1","Attack","00:08:16"
"2615","1","Defense","00:08:16"
"2615","2","Attack","00:13:07"
"2615","2","Defense","00:13:07"
"2615","3","Shrine","00:03:12"
"2615","3","Village","00:02:50"
"2615","4","Attack","00:15:25"
"2615","4","Defense","00:15:25"
"2616","1","Attack","00:16:27"
"2616","1","Defense","00:16:27"
"2616","2","Attack","00:11:00"
"2616","2","Defense","00:11:00"
"2616","3","Sanctum","00:05:32"
"2616","3","Shrine","00:03:02"
"2616","3","Village","00:05:12"
"2616","4","Attack","00:13:18"
"2616","4","Defense","00:13:18"
"2616","5","City Center","00:06:35"
"2616","5","Gardens","00:04:55"
"2616","5","University","00:05:58"
"2617","1","Attack","00:12:18"
"2617","1","Defense","00:12:18"
"2617","2","Attack","00:11:06"
"2617","2","Defense","00:11:06"
"2617","3","Sanctum","00:02:48"
"2617","3","Village","00:05:09"
"2617","4","Attack","00:09:11"
"2617","4","Defense","00:09:11"
"2618","1","Attack","00:14:53"
"2618","1","Defense","00:14:53"
"2618","2","Attack","00:05:37"
"2618","2","Defense","00:05:37"
"2618","3","Sanctum","00:03:25"
"2618","3","Shrine","00:03:18"
"2618","3","Village","00:05:01"
"2618","4","Attack","00:21:03"
"2618","4","Defense","00:21:03"
"2619","1","Attack","00:11:05"
"2619","1","Defense","00:11:05"
"2619","2","Attack","00:16:45"
"2619","2","Defense","00:16:45"
"2619","3","Sanctum","00:03:00"
"2619","3","Shrine","00:04:38"
"2619","4","Attack","00:15:41"
"2619","4","Defense","00:15:41"
"2620","1","Attack","00:15:29"
"2620","1","Defense","00:15:29"
"2620","2","Attack","00:12:56"
"2620","2","Defense","00:12:56"
"2620","3","Ruins","00:03:54"
"2620","3","Well","00:05:19"
"2620","4","Attack","00:16:35"
"2620","4","Defense","00:16:35"
"2620","5","City Center","00:04:58"
"2620","5","University","00:04:57"
"2621","1","Attack","00:13:12"
"2621","1","Defense","00:13:12"
"2621","2","Attack","00:10:12"
"2621","2","Defense","00:10:12"
"2621","3","Sanctum","00:03:20"
"2621","3","Village","00:02:42"
"2621","4","Attack","00:14:53"
"2621","4","Defense","00:14:53"
"2622","1","Attack","00:12:40"
"2622","1","Defense","00:12:40"
"2622","2","Attack","00:12:35"
"2622","2","Defense","00:12:35"
"2622","3","Lighthouse","00:04:38"
"2622","3","Well","00:03:05"
"2622","4","Attack","00:17:28"
"2622","4","Defense","00:17:28"
"2623","1","Attack","00:13:14"
"2623","1","Defense","00:13:14"
"2623","2","Attack","00:17:38"
"2623","2","Defense","00:17:38"
"2623","3","Shrine","00:04:35"
"2623","3","Village","00:03:44"
"2623","4","Attack","00:15:14"
"2623","4","Defense","00:15:14"
"2623","5","City Center","00:06:58"
"2623","5","University","00:04:58"
"2624","1","Attack","00:15:00"
"2624","1","Defense","00:15:00"
"2624","2","Lighthouse","00:03:41"
"2624","2","Ruins","00:04:03"
"2624","3","Attack","00:07:10"
"2624","3","Defense","00:07:10"
"2625","1","Attack","00:17:03"
"2625","1","Defense","00:17:03"
"2625","2","Sanctum","00:05:53"
"2625","2","Village","00:05:57"
"2625","3","Attack","00:18:38"
"2625","3","Defense","00:18:38"
"2625","4","Attack","00:17:09"
"2625","4","Defense","00:17:09"
"2626","1","Attack","00:07:38"
"2626","1","Defense","00:07:38"
"2626","2","Attack","00:16:50"
"2626","2","Defense","00:16:50"
"2626","3","City Center","00:05:43"
"2626","3","Gardens","00:04:31"
"2626","3","University","00:04:53"
"2626","4","Attack","00:17:10"
"2626","4","Defense","00:17:10"
"2627","1","Attack","00:06:27"
"2627","1","Defense","00:06:27"
"2627","2","Attack","00:12:34"
"2627","2","Defense","00:12:34"
"2627","3","City Center","00:03:54"
"2627","3","Gardens","00:05:08"
"2627","3","University","00:03:22"
"2627","4","Attack","00:10:52"
"2627","4","Defense","00:10:52"
"2628","1","Attack","00:17:35"
"2628","1","Defense","00:17:35"
"2628","2","Attack","00:12:20"
"2628","2","Defense","00:12:20"
"2628","3","City Center","00:03:37"
"2628","3","Gardens","00:05:36"
"2628","4","Attack","00:13:05"
"2628","4","Defense","00:13:05"
"2629","1","Attack","00:13:26"
"2629","1","Defense","00:13:26"
"2629","2","Attack","00:12:39"
"2629","2","Defense","00:12:39"
"2629","3","Gardens","00:03:05"
"2629","3","University","00:02:53"
"2629","4","Attack","00:15:48"
"2629","4","Defense","00:15:48"
"2630","1","Attack","00:16:29"
"2630","1","Defense","00:16:29"
"2630","2","Attack","00:05:16"
"2630","2","Defense","00:05:16"
"2630","3","City Center","00:05:43"
"2630","3","Gardens","00:03:46"
"2630","4","Attack","00:09:45"
"2630","4","Defense","00:09:45"
"2631","1","Attack","00:09:58"
"2631","1","Defense","00:09:58"
"2631","2","Attack","00:06:18"
"2631","2","Defense","00:06:18"
"2631","3","Control Center","00:03:01"
"2631","3","Garden","00:02:53"
"2631","3","Night Market","00:05:03"
"2631","4","Attack","00:08:53"
"2631","4","Defense","00:08:53"
"2632","1","Attack","00:13:44"
"2632","1","Defense","00:13:44"
"2632","2","Attack","00:16:47"
"2632","2","Defense","00:16:47"
"2632","3","City Center","00:02:56"
"2632","3","Gardens","00:05:44"
"2632","4","Attack","00:15:42"
"2632","4","Defense","00:15:42"
"2633","1","Attack","00:20:40"
"2633","1","Defense","00:20:40"
"2633","2","Attack","00:13:59"
"2633","2","Defense","00:13:59"
"2633","3","Garden","00:05:35"
"2633","3","Night Market","00:04:52"
"2633","4","Attack","00:12:36"
"2633","4","Defense","00:12:36"
"2634","1","Attack","00:15:02"
"2634","1","Defense","00:15:02"
"2634","2","Attack","00:05:46"
"2634","2","Defense","00:05:46"
"2634","3","City Center","00:03:24"
"2634","3","Gardens","00:04:56"
"2634","4","Attack","00:13:41"
"2634","4","Defense","00:13:41"
"2635","1","Attack","00:08:32"
"2635","1","Defense","00:08:32"
"2635","2","Attack","00:13:27"
"2635","2","Defense","00:13:27"
"2635","3","City Center","00:06:53"
"2635","3","Gardens","00:04:34"
"2635","3","University","00:04:22"
"2635","4","Attack","00:17:16"
"2635","4","Defense","00:17:16"
"2635","5","Sanctum","00:03:57"
"2635","5","Shrine","00:04:55"
"2636","1","Attack","00:12:26"
"2636","1","Defense","00:12:26"
"2636","2","Attack","00:12:27"
"2636","2","Defense","00:12:27"
"2636","3","Control Center","00:04:41"
"2636","3","Garden","00:03:00"
"2636","3","Night Market","00:02:44"
"2636","4","Attack","00:12:45"
"2636","4","Defense","00:12:45"
"2637","1","Attack","00:17:37"
"2637","1","Defense","00:17:37"
"2637","2","Attack","00:09:56"
"2637","2","Defense","00:09:56"
"2637","3","City Center","00:05:28"
"2637","3","Gardens","00:03:33"
"2637","3","University","00:03:48"
"2637","4","Attack","00:13:49"
"2637","4","Defense","00:13:49"
"2638","1","Attack","00:11:20"
"2638","1","Defense","00:11:20"
"2638","2","Attack","00:12:36"
"2638","2","Defense","00:12:36"
"2638","3","City Center","00:06:04"
"2638","3","Gardens","00:04:35"
"2638","3","University","00:05:11"
"2638","4","Attack","00:12:30"
"2638","4","Defense","00:12:30"
"2638","5","Shrine","00:04:10"
"2638","5","Village","00:04:49"
"2639","1","Attack","00:13:48"
"2639","1","Defense","00:13:48"
"2639","2","Attack","00:06:14"
"2639","2","Defense","00:06:14"
"2639","3","Garden","00:05:25"
"2639","3","Night Market","00:02:40"
"2639","4","Attack","00:18:45"
"2639","4","Defense","00:18:45"
"2640","1","Attack","00:15:48"
"2640","1","Defense","00:15:48"
"2640","2","Attack","00:09:18"
"2640","2","Defense","00:09:18"
"2640","3","Gardens","00:03:59"
"2640","3","University","00:02:56"
"2640","4","Attack","00:13:02"
"2640","4","Defense","00:13:02"
"2641","1","Attack","00:11:14"
"2641","1","Defense","00:11:14"
"2641","2","Attack","00:06:29"
"2641","2","Defense","00:06:29"
"2641","3","Garden","00:04:01"
"2641","3","Night Market","00:03:37"
"2641","4","Attack","00:18:41"
"2641","4","Defense","00:18:41"
"2641","5","Shrine","00:05:42"
"2641","5","Village","00:03:11"
"2642","1","Attack","00:12:39"
"2642","1","Defense","00:12:39"
"2642","2","Attack","00:10:50"
"2642","2","Defense","00:10:50"
"2642","3","Gardens","00:03:22"
"2642","3","University","00:05:26"
"2642","4","Attack","00:09:35"
"2642","4","Defense","00:09:35"
"2643","1","Attack","00:11:39"
"2643","1","Defense","00:11:39"
"2643","2","Attack","00:05:45"
"2643","2","Defense","00:05:45"
"2643","3","Control Center","00:02:41"
"2643","3","Night Market","00:04:10"
"2643","4","Attack","00:15:25"
"2643","4","Defense","00:15:25"
"2644","1","Attack","00:15:53"
"2644","1","Defense","00:15:53"
"2644","2","Attack","00:12:19"
"2644","2","Defense","00:12:19"
"2644","3","City Center","00:04:10"
"2644","3","University","00:06:00"
"2644","4","Attack","00:13:20"
"2644","4","Defense","00:13:20"
"2645","1","Attack","00:16:50"
"2645","1","Defense","00:16:50"
"2645","2","Attack","00:12:31"
"2645","2","Defense","00:12:31"
"2645","3","Control Center","00:03:17"
"2645","3","Night Market","00:04:15"
"2645","4","Attack","00:15:17"
"2645","4","Defense","00:15:17"
"2646","1","Attack","00:16:23"
"2646","1","Defense","00:16:23"
"2646","2","Attack","00:15:48"
"2646","2","Defense","00:15:48"
"2646","3","City Center","00:05:38"
"2646","3","Gardens","00:05:43"
"2646","3","University","00:04:50"
"2646","4","Attack","00:16:01"
"2646","4","Defense","00:16:01"
"2647","1","Attack","00:17:02"
"2647","1","Defense","00:17:02"
"2647","2","Attack","00:17:57"
"2647","2","Defense","00:17:57"
"2647","3","City Center","00:06:38"
"2647","3","Gardens","00:04:02"
"2647","3","University","00:06:04"
"2647","4","Attack","00:13:17"
"2647","4","Defense","00:13:17"
"2648","1","Attack","00:12:06"
"2648","1","Defense","00:12:06"
"2648","2","Attack","00:13:52"
"2648","2","Defense","00:13:52"
"2648","3","Gardens","00:04:14"
"2648","3","University","00:03:02"
"2649","1","Attack","00:14:45"
"2649","1","Defense","00:14:45"
"2649","2","Attack","00:05:56"
"2649","2","Defense","00:05:56"
"2649","3","Control Center","00:04:27"
"2649","3","Garden","00:05:29"
"2649","3","Night Market","00:03:06"
"2649","4","Attack","00:17:12"
"2649","4","Defense","00:17:12"
"2650","1","Attack","00:12:43"
"2650","1","Defense","00:12:43"
"2650","2","Attack","00:18:18"
"2650","2","Defense","00:18:18"
"2650","3","Control Center","00:03:40"
"2650","3","Garden","00:07:13"
"2650","3","Night Market","00:05:10"
"2650","4","Attack","00:16:32"
"2650","4","Defense","00:16:32"
"2651","1","Attack","00:12:01"
"2651","1","Defense","00:12:01"
"2651","2","Attack","00:17:40"
"2651","2","Defense","00:17:40"
"2651","3","City Center","00:04:18"
"2651","3","University","00:04:13"
"2651","4","Attack","00:18:15"
"2651","4","Defense","00:18:15"
"2651","5","Sanctum","00:04:39"
"2651","5","Shrine","00:04:34"
"2651","5","Village","00:02:54"
"2652","1","Attack","00:17:11"
"2652","1","Defense","00:17:11"
"2652","2","Attack","00:08:10"
"2652","2","Defense","00:08:10"
"2652","3","Control Center","00:02:46"
"2652","3","Garden","00:03:15"
"2652","3","Night Market","00:04:12"
"2652","4","Attack","00:22:05"
"2652","4","Defense","00:22:05"
"2653","1","Attack","00:05:45"
"2653","1","Defense","00:05:45"
"2653","2","Attack","00:05:05"
"2653","2","Defense","00:05:05"
"2653","3","Control Center","00:04:03"
"2653","3","Night Market","00:05:23"
"2653","4","Attack","00:19:30"
"2653","4","Defense","00:19:30"
"2654","1","Attack","00:14:01"
"2654","1","Defense","00:14:01"
"2654","2","Attack","00:07:10"
"2654","2","Defense","00:07:10"
"2654","3","City Center","00:03:17"
"2654","3","Gardens","00:03:57"
"2654","4","Attack","00:16:56"
"2654","4","Defense","00:16:56"
"2654","5","Sanctum","00:04:56"
"2654","5","Shrine","00:05:24"
"2654","5","Village","00:04:08"
"2655","1","Attack","00:16:12"
"2655","1","Defense","00:16:12"
"2655","2","Attack","00:08:46"
"2655","2","Defense","00:08:46"
"2655","3","City Center","00:04:29"
"2655","3","Gardens","00:03:09"
"2655","4","Attack","00:21:21"
"2655","4","Defense","00:21:21"
"2656","1","Attack","00:12:10"
"2656","1","Defense","00:12:10"
"2656","2","Attack","00:17:41"
"2656","2","Defense","00:17:41"
"2656","3","Garden","00:04:56"
"2656","3","Night Market","00:03:53"
"2656","4","Attack","00:09:39"
"2656","4","Defense","00:09:39"
"2657","1","Attack","00:13:53"
"2657","1","Defense","00:13:53"
"2657","2","Attack","00:14:21"
"2657","2","Defense","00:14:21"
"2657","3","Control Center","00:06:09"
"2657","3","Night Market","00:03:02"
"2657","4","Attack","00:18:23"
"2657","4","Defense","00:18:23"
"2657","5","Sanctum","00:02:56"
"2657","5","Shrine","00:04:50"
"2657","5","Village","00:03:34"
"2658","1","Attack","00:15:47"
"2658","1","Defense","00:15:47"
"2658","2","Attack","00:16:28"
"2658","2","Defense","00:16:28"
"2658","3","Control Center","00:03:29"
"2658","3","Garden","00:03:49"
"2658","3","Night Market","00:04:27"
"2658","4","Attack","00:05:38"
"2658","4","Defense","00:05:38"
"2659","1","Attack","00:16:26"
"2659","1","Defense","00:16:26"
"2659","2","Attack","00:05:38"
"2659","2","Defense","00:05:38"
"2659","3","Control Center","00:04:07"
"2659","3","Garden","00:05:23"
"2659","4","Attack","00:11:11"
"2659","4","Defense","00:11:11"
"2660","1","Attack","00:13:39"
"2660","1","Defense","00:13:39"
"2660","2","Attack","00:16:40"
"2660","2","Defense","00:16:40"
"2660","3","Control Center","00:04:33"
"2660","3","Garden","00:03:29"
"2660","3","Night Market","00:03:35"
"2660","4","Attack","00:13:35"
"2660","4","Defense","00:13:35"
"2660","5","Shrine","00:03:22"
"2660","5","Village","00:03:50"
"2661","1","Attack","00:18:11"
"2661","1","Defense","00:18:11"
"2661","2","Attack","00:17:59"
"2661","2","Defense","00:17:59"
"2661","3","Control Center","00:04:16"
"2661","3","Garden","00:03:08"
"2661","3","Night Market","00:06:03"
"2661","4","Attack","00:14:52"
"2661","4","Defense","00:14:52"
"2662","1","Attack","00:09:37"
"2662","1","Defense","00:09:37"
"2662","2","Attack","00:11:10"
"2662","2","Defense","00:11:10"
"2662","3","City Center","00:03:02"
"2662","3","University","00:02:47"
"2662","4","Attack","00:12:08"
"2662","4","Defense","00:12:08"
"2663","1","Attack","00:09:56"
"2663","1","Defense","00:09:56"
"2663","2","Attack","00:12:20"
"2663","2","Defense","00:12:20"
"2663","3","Control Center","00:03:59"
"2663","3","Garden","00:04:56"
"2663","3","Night Market","00:04:27"
"2663","4","Attack","00:10:42"
"2663","4","Defense","00:10:42"
"2664","1","Attack","00:17:09"
"2664","1","Defense","00:17:09"
"2664","2","Attack","00:10:00"
"2664","2","Defense","00:10:00"
"2664","3","Gardens","00:04:08"
"2664","3","University","00:03:38"
"2664","4","Attack","00:16:29"
"2664","4","Defense","00:16:29"
"2664","5","Sanctum","00:05:45"
"2664","5","Shrine","00:04:08"
"2665","1","Attack","00:13:09"
"2665","1","Defense","00:13:09"
"2665","2","Attack","00:15:22"
"2665","2","Defense","00:15:22"
"2665","3","City Center","00:05:06"
"2665","3","University","00:05:18"
"2665","4","Attack","00:11:59"
"2665","4","Defense","00:11:59"
"2665","5","Sanctum","00:04:11"
"2665","5","Village","00:05:29"
"2666","1","Attack","00:11:49"
"2666","1","Defense","00:11:49"
"2666","2","Attack","00:16:56"
"2666","2","Defense","00:16:56"
"2666","3","City Center","00:04:57"
"2666","3","Gardens","00:03:57"
"2666","4","Attack","00:12:27"
"2666","4","Defense","00:12:27"
"2667","1","Attack","00:17:07"
"2667","1","Defense","00:17:07"
"2667","2","Attack","00:14:45"
"2667","2","Defense","00:14:45"
"2667","3","City Center","00:03:17"
"2667","3","Gardens","00:05:51"
"2667","3","University","00:03:57"
"2667","4","Attack","00:15:36"
"2667","4","Defense","00:15:36"
"2668","1","Attack","00:11:54"
"2668","1","Defense","00:11:54"
"2668","2","Attack","00:11:09"
"2668","2","Defense","00:11:09"
"2668","3","Control Center","00:02:38"
"2668","3","Garden","00:03:55"
"2668","3","Night Market","00:04:05"
"2668","4","Attack","00:11:48"
"2668","4","Defense","00:11:48"
"2669","1","Attack","00:04:48"
"2669","1","Defense","00:04:48"
"2669","2","Attack","00:11:34"
"2669","2","Defense","00:11:34"
"2669","3","Garden","00:04:39"
"2669","3","Night Market","00:04:24"
"2669","4","Attack","00:16:02"
"2669","4","Defense","00:16:02"
"2670","1","Attack","00:12:55"
"2670","1","Defense","00:12:55"
"2670","2","Attack","00:13:17"
"2670","2","Defense","00:13:17"
"2670","3","City Center","00:05:38"
"2670","3","Gardens","00:05:14"
"2670","3","University","00:03:55"
"2670","4","Attack","00:15:41"
"2670","4","Defense","00:15:41"
"2671","1","Attack","00:10:18"
"2671","1","Defense","00:10:18"
"2671","2","Attack","00:12:48"
"2671","2","Defense","00:12:48"
"2671","3","Control Center","00:04:43"
"2671","3","Garden","00:03:07"
"2671","3","Night Market","00:05:15"
"2671","4","Attack","00:10:51"
"2671","4","Defense","00:10:51"
"2672","1","Attack","00:15:12"
"2672","1","Defense","00:15:12"
"2672","2","Attack","00:13:37"
"2672","2","Defense","00:13:37"
"2672","3","City Center","00:06:29"
"2672","3","Gardens","00:02:57"
"2672","3","University","00:04:57"
"2672","4","Attack","00:06:43"
"2672","4","Defense","00:06:43"
"2673","1","Attack","00:15:32"
"2673","1","Defense","00:15:32"
"2673","2","Attack","00:17:27"
"2673","2","Defense","00:17:27"
"2673","3","Garden","00:05:03"
"2673","3","Night Market","00:05:00"
"2673","4","Attack","00:13:06"
"2673","4","Defense","00:13:06"
"2674","1","Attack","00:14:26"
"2674","1","Defense","00:14:26"
"2674","2","Attack","00:14:12"
"2674","2","Defense","00:14:12"
"2674","3","Control Center","00:04:33"
"2674","3","Garden","00:04:39"
"2674","3","Night Market","00:05:00"
"2674","4","Attack","00:12:08"
"2674","4","Defense","00:12:08"
"2674","5","Shrine","00:03:12"
"2674","5","Village","00:05:03"
"2675","1","Attack","00:15:07"
"2675","1","Defense","00:15:07"
"2675","2","Attack","00:12:58"
"2675","2","Defense","00:12:58"
"2675","3","City Center","00:04:55"
"2675","3","University","00:05:21"
"2676","1","Attack","00:15:28"
"2676","1","Defense","00:15:28"
"2676","2","Attack","00:17:25"
"2676","2","Defense","00:17:25"
"2676","3","Control Center","00:03:39"
"2676","3","Garden","00:02:58"
"2676","3","Night Market","00:03:14"
"2676","4","Attack","00:17:28"
"2676","4","Defense","00:17:28"
"2677","1","Attack","00:19:58"
"2677","1","Defense","00:19:58"
"2677","2","Attack","00:15:02"
"2677","2","Defense","00:15:02"
"2677","3","City Center","00:02:41"
"2677","3","Gardens","00:05:56"
"2677","3","University","00:03:20"
"2677","4","Attack","00:17:43"
"2677","4","Defense","00:17:43"
"2678","1","Attack","00:16:58"
"2678","1","Defense","00:16:58"
"2678","2","Attack","00:12:39"
"2678","2","Defense","00:12:39"
"2678","3","Control Center","00:02:43"
"2678","3","Garden","00:04:52"
"2678","3","Night Market","00:04:00"
"2678","4","Attack","00:05:09"
"2678","4","Defense","00:05:09"
"2679","1","Attack","00:11:51"
"2679","1","Defense","00:11:51"
"2679","2","Attack","00:16:50"
"2679","2","Defense","00:16:50"
"2679","3","Control Center","00:04:11"
"2679","3","Garden","00:03:05"
"2679","3","Night Market","00:05:09"
"2679","4","Attack","00:13:25"
"2679","4","Defense","00:13:25"
"2680","1","Attack","00:11:09"
"2680","1","Defense","00:11:09"
"2680","2","Attack","00:16:49"
"2680","2","Defense","00:16:49"
"2680","3","Control Center","00:03:42"
"2680","3","Garden","00:03:56"
"2680","4","Attack","00:17:39"
"2680","4","Defense","00:17:39"
"2680","5","Attack","00:13:04"
"2680","5","Defense","00:13:04"
"2681","1","Attack","00:05:52"
"2681","1","Defense","00:05:52"
"2681","2","Attack","00:12:45"
"2681","2","Defense","00:12:45"
"2681","3","City Center","00:05:33"
"2681","3","Gardens","00:05:27"
"2681","4","Attack","00:05:47"
"2681","4","Defense","00:05:47"
"2817","1","Attack","00:10:17"
"2817","1","Defense","00:10:17"
"2817","2","Lighthouse","00:04:35"
"2817","2","Well","00:03:17"
"2817","3","Attack","00:11:00"
"2817","3","Defense","00:11:00"
"2817","4","Attack","00:11:04"
"2817","4","Defense","00:11:04"
"3141","1","Attack","00:13:56"
"3141","1","Defense","00:13:56"
"3141","2","Lighthouse","00:06:27"
"3141","2","Well","00:05:39"
"3141","3","Attack","00:05:24"
"3141","3","Defense","00:05:24"
"3142","1","Attack","00:18:12"
"3142","1","Defense","00:18:12"
"3142","2","Attack","00:06:14"
"3142","2","Defense","00:06:14"
"3142","3","Garden","00:05:02"
"3142","3","Night Market","00:03:14"
"3142","4","Attack","00:14:50"
"3142","4","Defense","00:14:50"
"3142","5","Attack","00:13:07"
"3142","5","Defense","00:13:07"
"3404","1","Attack","00:12:46"
"3404","1","Defense","00:12:46"
"3404","2","City Center","00:03:16"
"3404","2","Gardens","00:03:53"
"3404","2","University","00:03:52"
"3404","3","Attack","00:20:21"
"3404","3","Defense","00:20:21"
"3404","4","Attack","00:06:46"
"3404","4","Defense","00:06:46"
"3405","1","Attack","00:19:54"
"3405","1","Defense","00:19:54"
"3405","2","Garden","00:03:24"
"3405","2","Night Market","00:02:45"
"3405","3","Attack","00:12:20"
"3405","3","Defense","00:12:20"
"3405","4","Attack","00:15:19"
"3405","4","Defense","00:15:19"
"3406","1","Attack","00:16:46"
"3406","1","Defense","00:16:46"
"3406","2","Control Center","00:05:04"
"3406","2","Night Market","00:03:15"
"3406","3","Attack","00:12:18"
"3406","3","Defense","00:12:18"
"3406","4","Attack","00:11:09"
"3406","4","Defense","00:11:09"
"3407","1","Attack","00:13:28"
"3407","1","Defense","00:13:28"
"3407","2","Control Center","00:04:11"
"3407","2","Garden","00:05:12"
"3407","2","Night Market","00:02:53"
"3407","3","Attack","00:09:48"
"3407","3","Defense","00:09:48"
"3408","1","Attack","00:16:01"
"3408","1","Defense","00:16:01"
"3408","2","City Center","00:03:31"
"3408","2","University","00:04:25"
"3408","3","Attack","00:10:33"
"3408","3","Defense","00:10:33"
"3409","1","Attack","00:15:17"
"3409","1","Defense","00:15:17"
"3409","2","Garden","00:02:48"
"3409","2","Night Market","00:05:05"
"3409","3","Attack","00:15:30"
"3409","3","Defense","00:15:30"
"3410","1","Attack","00:17:09"
"3410","1","Defense","00:17:09"
"3410","2","City Center","00:04:30"
"3410","2","Gardens","00:04:53"
"3410","2","University","00:04:43"
"3410","3","Attack","00:14:40"
"3410","3","Defense","00:14:40"
"3411","1","Attack","00:15:19"
"3411","1","Defense","00:15:19"
"3411","2","Control Center","00:03:50"
"3411","2","Garden","00:05:13"
"3411","2","Night Market","00:05:11"
"3411","3","Attack","00:07:56"
"3411","3","Defense","00:07:56"
"3411","4","Attack","00:12:00"
"3411","4","Defense","00:12:00"
"3411","5","Attack","00:17:16"
"3411","5","Defense","00:17:16"
"3413","1","Attack","00:14:22"
"3413","1","Defense","00:14:22"
"3413","2","Control Center","00:04:12"
"3413","2","Garden","00:05:59"
"3413","2","Night Market","00:05:46"
"3413","3","Attack","00:06:46"
"3413","3","Defense","00:06:46"
"3413","4","Attack","00:16:32"
"3413","4","Defense","00:16:32"
"3413","5","Attack","00:15:06"
"3413","5","Defense","00:15:06"
"3414","1","Attack","00:16:23"
"3414","1","Defense","00:16:23"
"3414","2","City Center","00:02:52"
"3414","2","Gardens","00:05:14"
"3414","3","Attack","00:16:13"
"3414","3","Defense","00:16:13"
"3416","1","Attack","00:17:01"
"3416","1","Defense","00:17:01"
"3416","2","Gardens","00:04:08"
"3416","2","University","00:03:49"
"3416","3","Attack","00:12:35"
"3416","3","Defense","00:12:35"
"3416","4","Attack","00:16:44"
"3416","4","Defense","00:16:44"
"3417","1","Attack","00:13:12"
"3417","1","Defense","00:13:12"
"3417","2","Garden","00:03:52"
"3417","2","Night Market","00:02:48"
"3417","3","Attack","00:16:37"
"3417","3","Defense","00:16:37"
